support,itemsets
0.5714285714285714,{'apple'}
0.7142857142857143,{'banana'}
0.5714285714285714,{'cherry'}
