value,value_minmax
1,1.0
23,1.1833333333333333
22,1.175
121,2.0
89,1.7333333333333334
112,1.925
32,1.2583333333333333
77,1.6333333333333333
94,1.775
5,1.0333333333333334
