value,value_zscore
1,-1.3068979845524495
23,-0.7989164357864798
22,-0.822006506184933
121,1.463910463261931
89,0.7250282105114296
112,1.2560998296758525
32,-0.5911058022004012
77,0.4479473657299915
94,0.8404785625036955
5,-1.2145377029586368
